{
  "$schema": "http://json-schema.org/draft-07/schema#",
  "title": "RAG Memory Object",
  "type": "object",
  "required": [
    "memory_id",
    "chunk_source",
    "chunk_index",
    "text",
    "summary",
    "curator",
    "created_at"
  ],
  "properties": {
    "memory_id": {
      "type": "string"
    },
    "chunk_source": {
      "type": "string"
    },
    "chunk_index": {
      "type": "integer"
    },
    "text": {
      "type": "string"
    },
    "summary": {
      "type": "string"
    },
    "persona_analysis": {
      "type": "object"
    },
    "curator": {
      "type": "object",
      "required": [
        "primary_owner",
        "weights",
        "lifecycle",
        "debate_log"
      ],
      "properties": {
        "primary_owner": {
          "type": "string",
          "enum": [
            "archivist",
            "formalist",
            "synthesist",
            "strategist"
          ]
        },
        "weights": {
          "type": "object",
          "additionalProperties": {
            "type": "number",
            "minimum": 0,
            "maximum": 1
          }
        },
        "lifecycle": {
          "type": "object"
        },
        "drift_score": {
          "type": "number"
        },
        "alerts": {
          "type": "array",
          "items": {
            "type": "string"
          }
        },
        "debate_log": {
          "type": "string"
        },
        "persona_outputs": {
          "type": "object"
        }
      }
    },
    "tags": {
      "type": "array",
      "items": {
        "type": "string"
      }
    },
    "state_machine": {
      "type": "object"
    },
    "created_at": {
      "type": "string",
      "format": "date-time"
    },
    "embedding_ready": {
      "type": "boolean",
      "default": false
    },
    "embedding_model": {
      "type": [
        "string",
        "null"
      ]
    },
    "embedding_dim": {
      "type": [
        "integer",
        "null"
      ]
    }
  }
}