{
  "techs": [
    {
      "name": "Efficient Supply Routing",
      "tier": 1,
      "branch": "logistics",
      "prereqs": [],
      "dPhi": 0.2,
      "dS": -0.1,
      "dLambda": 0.05
    },
    {
      "name": "Adaptive AI Schedulers",
      "tier": 2,
      "branch": "logistics",
      "prereqs": [
        "Efficient Supply Routing"
      ],
      "dPhi": 0.3,
      "dS": 0.1,
      "dLambda": -0.08
    },
    {
      "name": "Constitutional Safety Layer",
      "tier": 1,
      "branch": "governance",
      "prereqs": [],
      "dPhi": -0.05,
      "dS": -0.2,
      "dLambda": 0.12
    },
    {
      "name": "Quantum Refinery Systems",
      "tier": 3,
      "branch": "energy",
      "prereqs": [
        "Efficient Supply Routing"
      ],
      "dPhi": 0.4,
      "dS": 0.05,
      "dLambda": -0.1
    },
    {
      "name": "Predictive Planning Agents",
      "tier": 2,
      "branch": "cognition",
      "prereqs": [
        "Constitutional Safety Layer"
      ],
      "dPhi": 0.15,
      "dS": -0.05,
      "dLambda": 0.04
    }
  ]
}