{
  "techs": [
    {
      "name": "Efficient Supply Routing",
      "tier": 1,
      "branch": "industry",
      "dPhi": 0.02,
      "dS": -0.01,
      "dLambda": 0.01,
      "prereqs": []
    },
    {
      "name": "Adaptive AI Schedulers",
      "tier": 2,
      "branch": "computing",
      "dPhi": 0.03,
      "dS": 0.02,
      "dLambda": -0.02,
      "prereqs": [
        "Efficient Supply Routing"
      ]
    },
    {
      "name": "Constitutional Safety Layer",
      "tier": 2,
      "branch": "governance",
      "dPhi": -0.01,
      "dS": -0.03,
      "dLambda": 0.05,
      "prereqs": [
        "Efficient Supply Routing"
      ]
    },
    {
      "name": "Quantum Refinery Systems",
      "tier": 3,
      "branch": "industry",
      "dPhi": 0.05,
      "dS": 0.01,
      "dLambda": -0.03,
      "prereqs": [
        "Adaptive AI Schedulers"
      ]
    },
    {
      "name": "Predictive Planning Agents",
      "tier": 2,
      "branch": "cognition",
      "prereqs": [
        "Constitutional Safety Layer"
      ],
      "dPhi": 0.15,
      "dS": -0.05,
      "dLambda": 0.04
    }
  ]
}