{
  "$schema": "http://json-schema.org/draft-07/schema#",
  "title": "RAG Chunk Memory Record",
  "type": "object",
  "properties": {
    "memory_id": {
      "type": "string"
    },
    "chunk_source": {
      "type": "string"
    },
    "chunk_index": {
      "type": "integer"
    },
    "text": {
      "type": "string"
    },
    "summary": {
      "type": "string"
    },
    "persona_analysis": {
      "type": "object",
      "properties": {
        "archivist": {
          "type": "object"
        },
        "formalist": {
          "type": "object"
        },
        "synthesist": {
          "type": "object"
        },
        "strategist": {
          "type": "object"
        }
      }
    },
    "curator": {
      "type": "object",
      "properties": {
        "primary_owner": {
          "type": "string"
        },
        "weights": {
          "type": "object"
        },
        "lifecycle": {
          "type": "object"
        },
        "drift_score": {
          "type": "number"
        },
        "alerts": {
          "type": "array"
        },
        "debate_log": {
          "type": "string"
        }
      }
    },
    "tags": {
      "type": "array",
      "items": {
        "type": "string"
      }
    },
    "state_machine": {
      "type": "object"
    },
    "created_at": {
      "type": "string",
      "format": "date-time"
    },
    "embedding_ready": {
      "type": "boolean"
    }
  },
  "required": [
    "memory_id",
    "chunk_source",
    "chunk_index",
    "text",
    "summary",
    "persona_analysis",
    "curator",
    "created_at"
  ]
}